1749,17762,17763,17766,17769,17777,17778,17780,17812,17813,17814,2160,2161,2164,2167,2174,2176,2820,2825,2826,2827,2830,2832,2838,2839,LM17M,LM39F,RP01F,RP08F,RP15F,RP17F,RP19F,RP20F,RP22F,RP23F
0.019808333333333334,0.92755,0.2521083333333333,0.369075,0.37285,0.8003833333333333,0.597875,0.4014916666666667,0.5166666666666667,0.430425,0.9524,0.17799166666666666,0.42565833333333336,0.295125,0.024116666666666668,0.023533333333333333,0.256525,0.8998416666666667,0.85285,0.52315,0.0012166666666666667,0.4492333333333333,0.7168083333333334,0.7701916666666667,0.664425,0.23749166666666666,0.9671666666666666,0.47120833333333334,0.43500833333333333,0.43405,0.6603,0.307925,0.506525,0.5317166666666666,0.17851666666666666
0.08935,0.6754083333333334,0.48363333333333336,0.68165,0.3567916666666667,0.8864333333333333,0.604375,0.5192916666666667,0.512325,0.41058333333333336,0.9828333333333333,0.15505833333333333,0.43415,0.39665,0.028625,0.030291666666666668,0.4643583333333333,0.9035666666666666,0.8595416666666666,0.5349083333333333,0.004816666666666667,0.446775,0.7212416666666667,0.798925,0.5464916666666667,0.25390833333333335,0.9631666666666666,0.4685666666666667,0.4359,0.438475,0.661775,0.3016583333333333,0.5007,0.5367416666666667,0.16748333333333335
0.30285833333333334,0.7563666666666666,0.5279333333333334,0.6365666666666666,0.386725,0.880325,0.6068083333333333,0.6404916666666667,0.51635,0.42088333333333333,0.83315,0.12816666666666668,0.420475,0.41909166666666664,0.0307,0.029508333333333334,0.49319166666666664,0.9093916666666667,0.865325,0.537175,0.020241666666666668,0.44508333333333333,0.72385,0.7211583333333333,0.6073166666666666,0.21885833333333332,0.95935,0.4691166666666667,0.4390833333333333,0.45000833333333334,0.6682333333333333,0.2969583333333333,0.4975583333333333,0.4825333333333333,0.14908333333333335
0.16588333333333333,0.7505583333333333,0.5685166666666667,0.6369666666666667,0.33063333333333333,0.7341833333333333,0.619025,0.7914333333333333,0.479225,0.42966666666666664,0.958575,0.142,0.40979166666666667,0.3651,0.0385,0.020758333333333333,0.330075,0.9182666666666667,0.871325,0.548125,0.04496666666666667,0.44183333333333336,0.7211916666666667,0.6974583333333333,0.63565,0.20185833333333333,0.957975,0.4676666666666667,0.44140833333333335,0.4573833333333333,0.6781166666666667,0.28870833333333334,0.49175,0.40786666666666666,0.124525
0.017375,0.894025,0.6115083333333333,0.4164083333333333,0.467975,0.707625,0.65505,0.7562416666666667,0.4671166666666667,0.4220083333333333,0.8860833333333333,0.169575,0.40746666666666664,0.35373333333333334,0.042058333333333336,0.015316666666666666,0.28580833333333333,0.9266916666666667,0.8782166666666666,0.5659083333333333,0.05223333333333333,0.43951666666666667,0.7232166666666666,0.6929583333333333,0.6529,0.188775,0.9543833333333334,0.46675833333333333,0.4453166666666667,0.46725833333333333,0.5770083333333333,0.28186666666666665,0.5039166666666667,0.2958,0.21555833333333332
0.020241666666666668,0.391025,0.5644666666666667,0.236175,0.6907416666666667,0.5141666666666667,0.6652833333333333,0.740625,0.4519166666666667,0.41585833333333333,0.8651666666666666,0.18556666666666666,0.4181,0.35025833333333334,0.049125,0.012041666666666668,0.311725,0.9359916666666667,0.8820583333333334,0.558975,0.17440833333333333,0.43261666666666665,0.7446833333333334,0.63515,0.6451583333333333,0.19243333333333335,0.9536083333333333,0.46713333333333334,0.4058333333333333,0.5060583333333334,0.5913666666666667,0.26471666666666666,0.5131,0.2821916666666667,0.22375
0.014591666666666666,0.5066333333333334,0.45274166666666665,0.341675,0.7212083333333333,0.7059166666666666,0.6350083333333333,0.62285,0.39836666666666665,0.4038083333333333,0.8313916666666666,0.16106666666666666,0.42818333333333336,0.351525,0.05259166666666667,0.016366666666666668,0.3858916666666667,0.9442833333333334,0.8834,0.5359083333333333,0.25945833333333335,0.42768333333333336,0.769275,0.6826666666666666,0.760225,0.21663333333333334,0.9427833333333333,0.4661666666666667,0.34271666666666667,0.5526083333333334,0.6050416666666667,0.249075,0.5225333333333333,0.20846666666666666,0.19988333333333333
0.06134166666666667,0.42805,0.46755,0.28944166666666665,0.4854,0.17404166666666668,0.6214833333333334,0.6239166666666667,0.2992416666666667,0.40268333333333334,0.6967,0.183775,0.43846666666666667,0.338425,0.05461666666666667,0.018858333333333335,0.39463333333333334,0.9527916666666667,0.88215,0.4996,0.29875833333333335,0.4159083333333333,0.7927666666666666,0.4710083333333333,0.5273083333333334,0.212075,0.9335916666666667,0.38353333333333334,0.2981666666666667,0.581925,0.6159,0.233775,0.5412583333333333,0.13339166666666666,0.15726666666666667
0.3423,0.38631666666666664,0.40821666666666667,0.15566666666666668,0.4760333333333333,0.23743333333333333,0.6324333333333333,0.6156416666666666,0.3360666666666667,0.380225,0.48633333333333334,0.19465,0.4501,0.32626666666666665,0.053566666666666665,0.03515,0.38500833333333334,0.960625,0.8774,0.4754333333333333,0.32531666666666664,0.4140333333333333,0.8015583333333334,0.23930833333333335,0.37325833333333336,0.2077,0.9303333333333333,0.37133333333333335,0.267425,0.6189583333333334,0.6586,0.23014166666666666,0.56435,0.11135,0.1685
0.329375,0.49288333333333334,0.3504583333333333,0.3725,0.5970166666666666,0.19260833333333333,0.6690833333333334,0.6524166666666666,0.3843,0.4654583333333333,0.4706666666666667,0.21599166666666667,0.4575,0.31466666666666665,0.068325,0.039316666666666666,0.3510083333333333,0.96405,0.8675833333333334,0.452825,0.33655,0.4081416666666667,0.824725,0.261875,0.2317,0.21604166666666666,0.9263916666666666,0.35551666666666665,0.24606666666666666,0.6230083333333334,0.654325,0.224425,0.5872416666666667,0.22114166666666665,0.2527916666666667
0.5681,0.5394666666666666,0.25096666666666667,0.49798333333333333,0.48205,0.423225,0.6499083333333333,0.7125583333333333,0.40408333333333335,0.5222583333333334,0.6012583333333333,0.23791666666666667,0.44655833333333333,0.2960583333333333,0.083575,0.021533333333333335,0.2934833333333333,0.9687666666666667,0.8705916666666667,0.347475,0.48495,0.39614166666666667,0.8605583333333333,0.45063333333333333,0.3662916666666667,0.25976666666666665,0.873425,0.34375,0.22699166666666667,0.6064083333333333,0.6375666666666666,0.215425,0.6388583333333333,0.30180833333333335,0.284775
0.7216166666666667,0.6505166666666666,0.2789083333333333,0.5465833333333333,0.175175,0.12686666666666666,0.655675,0.46229166666666666,0.45593333333333336,0.6059583333333334,0.31221666666666664,0.24316666666666667,0.4478416666666667,0.2961083333333333,0.09695833333333333,0.014291666666666666,0.30089166666666667,0.972075,0.8766833333333334,0.233325,0.39361666666666667,0.39965833333333334,0.8854,0.55755,0.390925,0.340375,0.8018416666666667,0.3554,0.22625833333333334,0.5940916666666667,0.5619,0.20816666666666667,0.6649,0.265675,0.311075
0.847125,0.08595833333333333,0.28665,0.5584083333333333,0.3184666666666667,0.32629166666666665,0.6699083333333333,0.4980833333333333,0.4695666666666667,0.695025,0.6003083333333333,0.2419,0.45568333333333333,0.2924833333333333,0.08361666666666667,0.019866666666666668,0.2937916666666667,0.9736166666666667,0.8895666666666666,0.3591916666666667,0.5416,0.40463333333333334,0.9085416666666667,0.3299916666666667,0.17298333333333332,0.4081,0.7328166666666667,0.3904916666666667,0.22814166666666666,0.5878833333333333,0.4698333333333333,0.193725,0.6863916666666666,0.26224166666666665,0.36156666666666665
0.8467833333333333,0.17589166666666667,0.7122583333333333,0.30135833333333334,0.19921666666666665,0.14455833333333334,0.559375,0.8147916666666667,0.557025,0.6538666666666667,0.41501666666666664,0.29794166666666666,0.46619166666666667,0.2914083333333333,0.07906666666666666,0.027775,0.29683333333333334,0.9763416666666667,0.90685,0.5987083333333333,0.574275,0.41265,0.925725,0.360975,0.30711666666666665,0.4316,0.6644333333333333,0.43635,0.24805833333333333,0.6096583333333333,0.4283416666666667,0.182175,0.7104083333333333,0.26164166666666666,0.416875
0.9001083333333333,0.9177833333333333,0.721225,0.7681833333333333,0.11399166666666667,0.166125,0.5085,0.9120666666666667,0.513875,0.72045,0.6904916666666666,0.28289166666666665,0.48156666666666664,0.2904,0.07295833333333333,0.15626666666666666,0.29391666666666666,0.9780083333333334,0.924975,0.7519583333333333,0.6945333333333333,0.43044166666666667,0.9409583333333333,0.6852166666666667,0.6535833333333333,0.5391916666666666,0.6392666666666666,0.5386833333333333,0.26561666666666667,0.619725,0.3561666666666667,0.20383333333333334,0.7533916666666667,0.2498,0.46318333333333334
0.9095083333333334,0.07091666666666667,0.9577916666666667,0.9757583333333333,0.18711666666666665,0.165325,0.6669333333333334,0.9968,0.5891,0.8868333333333334,0.9555416666666666,0.26295833333333335,0.501875,0.2841,0.07071666666666666,0.528925,0.2966416666666667,0.9832833333333333,0.9372583333333333,0.791125,0.9999916666666666,0.43038333333333334,0.9486,0.99945,0.9997833333333334,0.7185833333333334,0.619775,0.6456583333333333,0.26715,0.6439416666666666,0.2587083333333333,0.18981666666666666,0.763775,0.22696666666666668,0.5090666666666667
0.932075,0.7026666666666667,0.80505,0.7356583333333333,0.241425,0.11011666666666667,0.5431,0.9628916666666667,0.5341333333333333,0.8213166666666667,0.6260416666666667,0.2518,0.490225,0.2780916666666667,0.08559166666666666,0.5598416666666667,0.29706666666666665,0.9809166666666667,0.9178833333333334,0.701075,0.9995,0.410175,0.9334166666666667,0.8857416666666666,0.8069833333333334,0.6984833333333333,0.6247916666666666,0.696625,0.274675,0.6696,0.16675833333333334,0.17443333333333333,0.7571166666666667,0.1968,0.4377
0.8987333333333334,0.5735833333333333,0.632625,0.6620416666666666,0.2663333333333333,0.042491666666666664,0.5646166666666667,0.8691083333333334,0.4784833333333333,0.7828833333333334,0.61115,0.23689166666666667,0.48511666666666664,0.26759166666666667,0.09436666666666667,0.5376166666666666,0.2900583333333333,0.9802916666666667,0.923025,0.731375,0.9605916666666666,0.39264166666666667,0.89045,0.7412833333333333,0.6188916666666666,0.6790833333333334,0.6321333333333333,0.7447583333333333,0.28408333333333335,0.6904083333333333,0.0821,0.16795,0.7405666666666667,0.23669166666666666,0.363725
0.8290583333333333,0.545925,0.5027666666666667,0.6537166666666666,0.46875,0.25956666666666667,0.5403916666666667,0.7981583333333333,0.48641666666666666,0.7499333333333333,0.625,0.22215,0.488975,0.27324166666666666,0.097675,0.46115,0.3213666666666667,0.9766333333333334,0.9103416666666667,0.6943083333333333,0.8818583333333333,0.38910833333333333,0.8044166666666667,0.666975,0.6213666666666666,0.661075,0.6454666666666666,0.76015,0.30061666666666664,0.7107333333333333,0.059875,0.166875,0.7264916666666666,0.287375,0.28555833333333336
0.7630583333333333,0.453475,0.4859833333333333,0.6609666666666667,0.5166,0.48173333333333335,0.5220583333333333,0.6969416666666667,0.5259,0.736,0.5932833333333334,0.204975,0.4907416666666667,0.2739916666666667,0.09931666666666666,0.4282166666666667,0.34085,0.973025,0.9010083333333333,0.7598916666666666,0.8198583333333334,0.386575,0.70025,0.6098916666666667,0.5805083333333333,0.6244166666666666,0.7132166666666667,0.7572166666666666,0.3023666666666667,0.7062583333333333,0.02420833333333333,0.16803333333333334,0.71005,0.3329416666666667,0.22464166666666666
0.6989666666666666,0.792,0.4746916666666667,0.6273833333333333,0.4472,0.12530833333333333,0.5090833333333333,0.6288833333333333,0.5446166666666666,0.7484416666666667,0.5311,0.19670833333333335,0.4925083333333333,0.2738833333333333,0.097425,0.396025,0.35515,0.9687416666666666,0.8927,0.7096,0.6686166666666666,0.382225,0.6485083333333334,0.5660666666666667,0.565925,0.61645,0.6862666666666667,0.754025,0.30494166666666667,0.706225,0.05043333333333333,0.20435833333333334,0.6963583333333333,0.43606666666666666,0.22488333333333332
0.6601166666666667,0.8758833333333333,0.4298166666666667,0.5905083333333333,0.54075,0.46108333333333335,0.4843166666666667,0.519375,0.5772,0.7537,0.488775,0.213225,0.49293333333333333,0.27473333333333333,0.09515,0.38264166666666666,0.36794166666666667,0.965725,0.8818666666666667,0.6705333333333333,0.5850083333333334,0.37404166666666666,0.6135166666666667,0.7548083333333333,0.760025,0.607475,0.6603083333333334,0.7214333333333334,0.2982,0.7049416666666667,0.06835833333333333,0.21853333333333333,0.6858583333333333,0.5330833333333334,0.23491666666666666
0.5524083333333333,0.7252416666666667,0.3492416666666667,0.5084166666666666,0.5553416666666666,0.545725,0.4615166666666667,0.3787583333333333,0.6078,0.7668416666666666,0.59715,0.22815833333333332,0.49351666666666666,0.27405833333333335,0.09471666666666667,0.36155,0.385025,0.9636333333333333,0.8638583333333333,0.6709666666666667,0.4567333333333333,0.3620333333333333,0.5823583333333333,0.6933333333333334,0.7059333333333333,0.6048916666666667,0.639075,0.676,0.33465833333333334,0.6679166666666667,0.08174166666666667,0.23361666666666667,0.669075,0.6168166666666667,0.2531833333333333
0.4401833333333333,0.78705,0.31885,0.4644,0.5416416666666667,0.4765333333333333,0.44635,0.3265166666666667,0.619025,0.79605,0.591825,0.2261,0.4938,0.2718333333333333,0.08936666666666666,0.35768333333333335,0.3938833333333333,0.961475,0.84945,0.6738083333333333,0.37709166666666666,0.35026666666666667,0.5484666666666667,0.7571166666666667,0.8547416666666666,0.6007583333333333,0.6172083333333334,0.637075,0.36640833333333334,0.6280916666666667,0.0876,0.23594166666666666,0.6660833333333334,0.6906916666666667,0.24944166666666667
0.429925,0.65645,0.29568333333333335,0.45026666666666665,0.5623833333333333,0.5353,0.42375833333333335,0.35928333333333334,0.6306916666666667,0.7531083333333334,0.5705166666666667,0.22685,0.49609166666666665,0.26721666666666666,0.07924166666666667,0.3282833333333333,0.4031,0.9594166666666667,0.8539166666666667,0.6760416666666667,0.314275,0.3411166666666667,0.5296083333333333,0.7973416666666666,0.8875583333333333,0.5991333333333333,0.603175,0.5949666666666666,0.393025,0.5913333333333334,0.08548333333333333,0.24245833333333333,0.665425,0.7631083333333334,0.241275
0.393175,0.5099833333333333,0.28823333333333334,0.33529166666666665,0.6263416666666667,0.5397833333333333,0.424475,0.315525,0.6407083333333333,0.7134166666666667,0.5536166666666666,0.22205,0.4992666666666667,0.2538916666666667,0.0778,0.34389166666666665,0.39215833333333333,0.9567166666666667,0.8541583333333334,0.6871,0.19226666666666667,0.3320666666666667,0.4983,0.6962583333333333,0.7689166666666667,0.5962916666666667,0.5909916666666667,0.553325,0.4260083333333333,0.5536083333333334,0.14185,0.239275,0.6657333333333333,0.7934333333333333,0.21605
0.36273333333333335,0.49055,0.3077166666666667,0.3607416666666667,0.6471333333333333,0.5856583333333333,0.40139166666666665,0.344675,0.6505583333333333,0.6939083333333333,0.5290583333333333,0.2146,0.5096083333333333,0.24040833333333333,0.07530833333333334,0.34660833333333335,0.379525,0.954775,0.8533833333333334,0.7179583333333334,0.2755416666666667,0.319425,0.46635,0.38205833333333333,0.808775,0.5699,0.5811833333333334,0.5133,0.48833333333333334,0.5208833333333334,0.16370833333333334,0.24836666666666668,0.6635916666666667,0.83915,0.209275
0.33853333333333335,0.5732583333333333,0.32810833333333334,0.40039166666666665,0.6498833333333334,0.5872916666666667,0.37826666666666664,0.37183333333333335,0.6525,0.6669333333333334,0.5098916666666666,0.19915,0.5136333333333334,0.22651666666666667,0.07161666666666666,0.34584166666666666,0.3672916666666667,0.9553,0.8537,0.7333916666666667,0.5035333333333334,0.3051833333333333,0.454675,0.5021833333333333,0.4945333333333333,0.5246916666666667,0.5784833333333333,0.47639166666666666,0.48706666666666665,0.4894,0.19146666666666667,0.259875,0.668025,0.8350333333333333,0.18054166666666666
0.3162333333333333,0.5013333333333333,0.3702,0.32485833333333336,0.6534166666666666,0.49893333333333334,0.3562166666666667,0.40424166666666667,0.6534916666666667,0.66575,0.5063833333333333,0.20076666666666668,0.5154083333333334,0.21083333333333334,0.06465,0.33453333333333335,0.359825,0.9547083333333334,0.8528416666666667,0.7659083333333333,0.522075,0.29715,0.4508083333333333,0.608375,0.7951166666666667,0.47615833333333335,0.5720833333333334,0.446025,0.5030916666666667,0.440225,0.21993333333333334,0.26390833333333336,0.684825,0.841475,0.20418333333333333
0.2932666666666667,0.52775,0.40745,0.24299166666666666,0.6739,0.5949666666666666,0.32879166666666665,0.43201666666666666,0.6374166666666666,0.6694666666666667,0.49198333333333333,0.20323333333333332,0.5175416666666667,0.20300833333333335,0.05880833333333333,0.3162083333333333,0.36430833333333335,0.9555416666666666,0.8477666666666667,0.76845,0.6617166666666666,0.29085833333333333,0.4446333333333333,0.6921916666666666,0.9569666666666666,0.4396333333333333,0.5646916666666667,0.41863333333333336,0.4849,0.43075,0.16916666666666666,0.2652833333333333,0.695025,0.862975,0.22569166666666668
0.269375,0.41868333333333335,0.44900833333333334,0.13568333333333332,0.6482083333333334,0.6224166666666666,0.3279916666666667,0.4623,0.6339333333333333,0.6824666666666667,0.472675,0.20148333333333332,0.52,0.17330833333333334,0.05230833333333333,0.31295833333333334,0.337475,0.952825,0.8472333333333333,0.7814833333333333,0.6435916666666667,0.292775,0.456475,0.5382833333333333,0.9932583333333334,0.39495,0.5524166666666667,0.39084166666666664,0.464425,0.40585,0.22158333333333333,0.28501666666666664,0.7008583333333334,0.8729583333333333,0.24671666666666667
0.187325,0.412025,0.4618083333333333,0.1442,0.648375,0.55235,0.32174166666666665,0.47629166666666667,0.632275,0.6898583333333334,0.4821166666666667,0.201825,0.5241333333333333,0.17074166666666668,0.05785,0.30701666666666666,0.38616666666666666,0.9520083333333333,0.8578333333333333,0.80245,0.695125,0.292775,0.43793333333333334,0.515875,1,0.4101,0.52385,0.38614166666666666,0.44085,0.37380833333333335,0.24930833333333333,0.26511666666666667,0.7033333333333334,0.8627666666666667,0.263575
0.129925,0.3461166666666667,0.47533333333333333,0.167475,0.6510083333333333,0.5776833333333333,0.3091,0.48886666666666667,0.6147083333333333,0.6951583333333333,0.475,0.208225,0.5150916666666666,0.16821666666666665,0.04296666666666667,0.2905583333333333,0.4322916666666667,0.9542083333333333,0.8716583333333333,0.8310833333333333,0.69925,0.28926666666666667,0.48055,0.506325,0.89665,0.4202,0.5050333333333333,0.381875,0.41649166666666665,0.33975,0.275475,0.2838,0.701125,0.8323916666666666,0.2766416666666667
0.12615833333333334,0.24793333333333334,0.487225,0.18860833333333332,0.6471083333333333,0.6347,0.2937916666666667,0.4977666666666667,0.586275,0.69945,0.4951583333333333,0.15066666666666667,0.5048916666666666,0.15025833333333333,0.022858333333333335,0.277225,0.41475833333333334,0.9549666666666666,0.8810916666666667,0.8404583333333333,0.627225,0.2820666666666667,0.456725,0.9974583333333333,0.953425,0.40746666666666664,0.48704166666666665,0.38006666666666666,0.405225,0.3080833333333333,0.29270833333333335,0.30009166666666665,0.704175,0.8288,0.2905583333333333
0.10333333333333333,0.17998333333333333,0.4901583333333333,0.17306666666666667,0.6355583333333333,0.5309083333333333,0.2773,0.5108916666666666,0.5625833333333333,0.7040916666666667,0.5427666666666666,0.13656666666666667,0.48923333333333335,0.12115833333333334,0.0013,0.26435,0.3165,0.9575666666666667,0.8977416666666667,0.8425416666666666,0.5211583333333333,0.272725,0.47789166666666666,0.9365166666666667,0.8017166666666666,0.38859166666666667,0.45171666666666666,0.376575,0.392175,0.27715,0.3116833333333333,0.316825,0.7110833333333333,0.8370583333333333,0.30505
0.078875,0.3937833333333333,0.5133416666666667,0.11665833333333334,0.6341166666666667,0.46235,0.2620416666666667,0.5316416666666667,0.54425,0.693625,0.5491583333333333,0.13014166666666666,0.47080833333333333,0.160525,0.02235,0.25001666666666666,0.465075,0.9609833333333333,0.9213333333333333,0.8673666666666666,0.5317416666666667,0.2639166666666667,0.50045,0.9703416666666667,0.9029,0.38931666666666664,0.43906666666666666,0.388325,0.378325,0.26319166666666666,0.33615,0.33090833333333336,0.7144416666666666,0.77575,0.3203
0.07474166666666666,0.5788416666666667,0.5464083333333334,0.23056666666666667,0.625075,0.4996083333333333,0.24719166666666667,0.5536166666666666,0.5192,0.683875,0.5949416666666667,0.10514166666666666,0.44416666666666665,0.223675,0.035225,0.252325,0.647425,0.9605333333333334,0.9439166666666666,0.9263833333333333,0.44945,0.255775,0.506075,0.9921666666666666,0.948625,0.388325,0.4347916666666667,0.3973,0.36520833333333336,0.27968333333333334,0.34250833333333336,0.33671666666666666,0.7194,0.7470666666666667,0.344825
0.045233333333333334,0.7696416666666667,0.5043083333333334,0.318125,0.62825,0.505125,0.23125,0.49971666666666664,0.506025,0.6577916666666667,0.6639,0.10543333333333334,0.460525,0.28885,0.040508333333333334,0.243875,0.8278833333333333,0.96355,0.9196666666666666,0.8695166666666667,0.5688666666666666,0.246175,0.5115666666666666,0.99725,0.9803666666666667,0.3844,0.441475,0.393175,0.35428333333333334,0.29785833333333334,0.34421666666666667,0.343825,0.7170166666666666,0.7531583333333334,0.36756666666666665
0.0813,0.5940166666666666,0.4910333333333333,0.36239166666666667,0.6383083333333334,0.506625,0.20953333333333332,0.45195,0.48789166666666667,0.6402916666666667,0.7058166666666666,0.16155,0.4838166666666667,0.3029,0.066725,0.224325,0.898125,0.9686166666666667,0.9120416666666666,0.8367833333333333,0.4837416666666667,0.24808333333333332,0.5506416666666667,0.9999916666666666,0.99995,0.37998333333333334,0.4501583333333333,0.3868333333333333,0.33460833333333334,0.306725,0.346625,0.3576,0.7077166666666667,0.7735416666666667,0.3692
0.045491666666666666,0.08384166666666666,0.36528333333333335,0.52225,0.6560083333333333,0.5200583333333333,0.18075833333333333,0.34118333333333334,0.47246666666666665,0.6353916666666667,0.77465,0.22458333333333333,0.5026416666666667,0.23383333333333334,0.08630833333333333,0.207425,0.8825583333333333,0.9742166666666666,0.900575,0.7281666666666666,0.49145833333333333,0.2559916666666667,0.5731083333333333,1,1,0.3711333333333333,0.4629083333333333,0.38326666666666664,0.31730833333333336,0.3146333333333333,0.3647416666666667,0.37969166666666665,0.70335,0.806075,0.37499166666666667
0.007475,0.03754166666666667,0.37038333333333334,0.6045166666666667,0.6388666666666667,0.55545,0.17064166666666666,0.3565,0.4700916666666667,0.623275,0.862425,0.27725,0.5097416666666666,0.21361666666666668,0.11045,0.200425,0.8215583333333333,0.9797166666666667,0.8703333333333333,0.6929166666666666,0.48285,0.265025,0.5749166666666666,1,1,0.3732916666666667,0.46850833333333336,0.3556,0.30154166666666665,0.31909166666666666,0.37815,0.40134166666666665,0.7039,0.81685,0.4075
0.0136,0.009625,0.294075,0.582375,0.6273,0.55375,0.15648333333333334,0.3109,0.4802166666666667,0.6087333333333333,0.8465166666666667,0.315025,0.5018,0.20104166666666667,0.11785,0.20174166666666668,0.76375,0.9871,0.8385666666666667,0.6712416666666666,0.40121666666666667,0.2892166666666667,0.5743666666666667,0.9840666666666666,1,0.3767583333333333,0.4665166666666667,0.344725,0.287675,0.3260416666666667,0.3879416666666667,0.4231333333333333,0.7132916666666667,0.832775,0.43904166666666666
0.050758333333333336,0.0728,0.3713,0.5467666666666666,0.6087166666666667,0.5017083333333333,0.150975,0.37293333333333334,0.5450416666666666,0.5836,0.9133916666666667,0.33894166666666664,0.49104166666666665,0.19291666666666665,0.13475833333333334,0.19488333333333333,0.7133333333333334,0.994625,0.8278083333333334,0.655575,0.6630583333333333,0.29928333333333335,0.5687583333333334,0.333525,1,0.3758916666666667,0.471475,0.3322,0.27398333333333336,0.328825,0.39253333333333335,0.44488333333333335,0.725525,0.85695,0.4708833333333333
0.12779166666666666,0.16964166666666666,0.15096666666666667,0.708525,0.589125,0.403825,0.187925,0.2796666666666667,0.5793583333333333,0.5601,0.9157833333333333,0.3053666666666667,0.47580833333333333,0.18415833333333334,0.15469166666666667,0.15279166666666666,0.6501166666666667,0.9878,0.814375,0.9999833333333333,0.552525,0.3695,0.5523916666666666,0.5073583333333334,1,0.3766583333333333,0.47623333333333334,0.31874166666666665,0.2529666666666667,0.333075,0.38415,0.4706916666666667,0.7394333333333334,0.8863,0.48978333333333335
0.17746666666666666,0.099225,0.058925,0.5856583333333333,0.5923666666666667,0.4354166666666667,0.214275,0.21575,0.6058,0.5400666666666667,0.8444583333333333,0.4034583333333333,0.46276666666666666,0.19443333333333335,0.13370833333333335,0.08146666666666667,0.6675166666666666,0.9845916666666666,0.81285,1,0.48705,0.3667916666666667,0.5349833333333334,0.5612916666666666,1,0.38250833333333334,0.4805833333333333,0.304525,0.23228333333333334,0.3361166666666667,0.37771666666666665,0.4660916666666667,0.7540916666666667,0.8979583333333333,0.5172583333333334
0.3458,0.14449166666666666,3.916666666666667e-4,0.08283333333333333,0.6158833333333333,0.43575833333333336,0.21955833333333333,0.006208333333333333,0.9591333333333333,0.5074166666666666,0.6214416666666667,0.50295,0.455075,0.20874166666666666,0.14791666666666667,0.06041666666666667,0.6480583333333333,0.9883,0.919925,1,0.538975,0.341125,0.5190333333333333,0.6222416666666667,0.99995,0.396125,0.4865083333333333,0.28381666666666666,0.212025,0.33895,0.34839166666666666,0.472725,0.7647333333333334,0.8972083333333334,0.5445083333333334
0.4927,0.0022833333333333334,0.243875,0.45843333333333336,0.6335166666666666,0.499175,0.21891666666666668,0.7587416666666666,0.7363583333333333,0.48593333333333333,0.008666666666666666,0.5532333333333334,0.4523333333333333,0.22010833333333332,0.15194166666666667,0.041008333333333334,0.6206583333333333,0.9940666666666667,0.9881583333333334,0.998975,0.9844333333333334,0.34019166666666667,0.51355,0.378975,0.09923333333333334,0.4079333333333333,0.50075,0.2653,0.19114166666666665,0.33505833333333335,0.3329666666666667,0.4713583333333333,0.7747333333333334,0.906825,0.602675
0.70415,0.002025,0.9997333333333334,1,0.68275,0.579025,0.19731666666666667,0.9999416666666666,0.9647166666666667,0.470225,0.9861833333333333,0.4152666666666667,0.45269166666666666,0.2339,0.16135,0.0324,NA,0.9915583333333333,0.9987333333333334,0.9999916666666666,0.9350583333333333,0.3581166666666667,0.6593416666666667,0.13026666666666667,0.44393333333333335,0.42361666666666664,0.5127166666666667,0.24818333333333334,0.16834166666666667,0.33321666666666666,0.31385,0.47181666666666666,0.7848333333333334,0.953625,0.67495
0.5248,1,0.99965,0.98245,0.73705,0.656,0.15978333333333333,0.9981166666666667,0.9667833333333333,0.46939166666666665,0.75645,0.2476,0.4536833333333333,NA,NA,0.05503333333333333,NA,0.9884666666666667,0.9991583333333334,0.9973,0.9048083333333333,0.35201666666666664,0.9130416666666666,0.9489916666666667,0.23248333333333332,0.4292666666666667,0.53245,0.22890833333333332,0.14624166666666666,0.32910833333333334,0.3622,0.46360833333333334,0.79195,0.9748916666666667,0.7403666666666666
0.41838333333333333,1,0.997125,0.7640333333333333,0.7531666666666667,0.756625,0.12001666666666666,0.9193166666666667,0.924475,0.45655,0.3022666666666667,0.2553666666666667,0.45345,NA,NA,0.16135,NA,0.9724916666666666,0.9941583333333334,0.9972833333333333,0.9881333333333333,0.3490333333333333,0.9653333333333334,1,0.357425,0.4350583333333333,0.53555,0.20791666666666667,0.113275,0.32721666666666666,0.4246916666666667,0.4584666666666667,0.801325,0.9903916666666667,0.7828833333333334
0.7426416666666666,1,0.9077916666666667,0.215875,0.80325,0.8571833333333333,0.48254166666666665,0.8424916666666666,0.8564166666666667,0.5144333333333333,0.03194166666666667,0.27184166666666665,NA,NA,NA,0.2578166666666667,NA,0.9469666666666666,0.963225,0.7813416666666667,0.9903416666666667,0.318825,0.9639083333333334,0.675475,0.999725,0.4362333333333333,0.5387,0.18684166666666666,0.10395,0.33486666666666665,0.48904166666666665,0.4637833333333333,0.8170666666666667,0.988425,0.8244833333333333
0.897625,0.9258583333333333,0.6629,0.242075,0.8303583333333333,0.9072333333333333,0.6961833333333334,0.7243833333333334,0.7652916666666667,0.5218833333333334,0.06774166666666667,NA,NA,NA,NA,0.37915,NA,0.9242333333333334,0.9755583333333333,0.635075,0.9997333333333334,0.3023166666666667,0.96095,0.38669166666666666,1,0.43778333333333336,0.5357666666666666,0.161425,0.097425,0.32698333333333335,0.5528333333333333,0.472225,0.836575,0.9915083333333333,0.8582833333333333
0.7817,0.6632166666666667,0.22648333333333334,0.4522,0.8107166666666666,0.8607,0.5148583333333333,0.5880833333333333,0.7020416666666667,0.611975,0.35268333333333335,NA,NA,NA,NA,0.49095,NA,0.9104166666666667,0.9931166666666666,0.6359583333333333,0.9968,0.29586666666666667,0.9561166666666666,NA,NA,0.44335,0.5489916666666667,0.16299166666666667,0.0883,0.32095,0.5886,0.46568333333333334,0.85245,0.996325,0.8294666666666667
0.7847,0.091775,0.461275,0.4532333333333333,0.5551333333333334,0.6012333333333333,0.320925,0.6770083333333333,0.6047333333333333,0.77785,0.28271666666666667,NA,NA,NA,NA,0.4625166666666667,NA,0.92255,0.966675,0.6122083333333334,0,0.29425833333333334,0.950375,NA,NA,0.47839166666666666,0.5378916666666667,0.15953333333333333,0.07885,0.30338333333333334,0.6321833333333333,0.4453,0.8694916666666667,0.9935333333333334,0.8110666666666667
NA,0.18156666666666665,0.6237666666666667,0.4126666666666667,0.025458333333333333,4.1666666666666665e-5,0.15851666666666667,0.7996916666666667,0.5558416666666667,0.894425,0.25371666666666665,NA,NA,NA,NA,0.5021916666666667,NA,0.8919833333333334,0.9112416666666666,0.766275,0.5428916666666667,NA,0.9483166666666667,NA,NA,0.5106083333333333,0.5374166666666667,0.16311666666666666,0.07164166666666667,0.25066666666666665,0.6935083333333333,0.4284,0.8903666666666666,0.977625,0.8052416666666666
NA,0.26253333333333334,0.4307666666666667,0.5108,0.9723916666666667,0.9995666666666667,0.20846666666666666,0.59675,0.5037916666666666,0.968325,0.34699166666666664,NA,NA,NA,NA,0.4905083333333333,NA,NA,0.8405166666666667,0.72405,1,NA,0.9461666666666667,NA,NA,0.5420583333333333,0.5455083333333334,0.165425,0.0736,0.22458333333333333,0.7618,0.4125916666666667,0.889625,0.982475,0.8153833333333333
NA,0.19521666666666668,0.23190833333333333,0.5930333333333333,0.904575,0.930975,0.19896666666666665,0.57745,0.5528833333333333,0.9983166666666666,0.34613333333333335,NA,NA,NA,NA,0.535125,NA,NA,0.7981083333333333,NA,1,NA,0.9316166666666666,NA,NA,0.5753166666666667,0.5475583333333334,0.16954166666666667,0.07786666666666667,0.19789166666666666,0.8678666666666667,0.4416833333333333,0.8910083333333333,0.973175,0.8463083333333333
NA,0.016341666666666668,0.28505833333333336,0.5672333333333334,0.64275,0.5024916666666667,0.215,0.37774166666666664,0.61295,0.9148,0.386725,NA,NA,NA,NA,0.6457416666666667,NA,NA,NA,NA,0.5958,NA,0.8628,NA,NA,0.6087333333333333,0.5443416666666666,0.17654166666666668,0.08053333333333333,0.172575,0.8685583333333333,0.5127333333333334,0.8932416666666667,0.9661416666666667,0.872425
NA,0.10950833333333333,0.628275,NA,0.3503,0.018766666666666668,0.21565,0.3727666666666667,NA,0.9981416666666667,0.47396666666666665,NA,NA,NA,NA,0.6587,NA,NA,NA,NA,0.84275,NA,0.810175,NA,NA,0.5895833333333333,0.5434833333333333,0.17816666666666667,0.08715833333333334,0.16089166666666666,0.8818916666666666,0.5824,0.889375,0.958225,0.8536166666666667
NA,0.244575,NA,NA,0.4105,0.17336666666666667,0.24201666666666666,NA,NA,0.9449,NA,NA,NA,NA,NA,0.6713166666666667,NA,NA,NA,NA,0.8562083333333333,NA,0.7202916666666667,NA,NA,0.5617166666666666,0.54615,0.188525,0.09415833333333333,0.14839166666666667,0.8704166666666666,0.5649416666666667,0.8861333333333333,0.9231583333333333,0.8373916666666666
NA,NA,NA,NA,0.6353833333333333,0.11844166666666667,0.24839166666666668,NA,NA,0.7351666666666666,NA,NA,NA,NA,NA,0.6527833333333334,NA,NA,NA,NA,0.16046666666666667,NA,NA,NA,NA,0.52475,0.5468166666666666,0.1957,0.09543333333333333,0.14845833333333333,0.8710083333333334,0.54865,0.8877333333333334,0.8622083333333334,0.828975
NA,NA,NA,NA,0.4645416666666667,0.15501666666666666,0.29249166666666665,NA,NA,0.47418333333333335,NA,NA,NA,NA,NA,NA,NA,NA,NA,NA,0.08605833333333333,NA,NA,NA,NA,0.487225,0.5504166666666667,0.20229166666666668,0.09004166666666667,0.1489,0.883725,0.52205,0.89005,0.7966166666666666,0.82315
NA,NA,NA,NA,0.2838833333333333,0.08385833333333333,NA,NA,NA,0.3588,NA,NA,NA,NA,NA,NA,NA,NA,NA,NA,0.08535,NA,NA,NA,NA,0.4573333333333333,0.55785,0.21059166666666668,0.083575,0.13854166666666667,0.8775583333333333,0.37675,0.8898583333333333,0.742,0.8243333333333334
NA,NA,NA,NA,0.3758916666666667,0.20833333333333334,NA,NA,NA,0.312675,NA,NA,NA,NA,NA,NA,NA,NA,NA,NA,0.15338333333333334,NA,NA,NA,NA,0.4456833333333333,0.5546916666666667,0.21434166666666668,0.08778333333333334,0.12801666666666667,0.9212916666666666,0.3993583333333333,0.883325,0.6643083333333333,0.8309166666666666
NA,NA,NA,NA,0.31811666666666666,0.2162,NA,NA,NA,0.304475,NA,NA,NA,NA,NA,NA,NA,NA,NA,NA,0.18569166666666667,NA,NA,NA,NA,0.458875,0.5613666666666667,0.21153333333333332,0.08788333333333333,0.11678333333333334,0.9391916666666666,0.4434416666666667,0.8893166666666666,0.6109916666666667,0.821025
NA,NA,NA,NA,0.2693,0.2733333333333333,NA,NA,NA,0.28286666666666666,NA,NA,NA,NA,NA,NA,NA,NA,NA,NA,0.2705666666666667,NA,NA,NA,NA,0.44071666666666665,0.5253083333333334,0.20636666666666667,0.08739166666666667,0.10655,0.94045,0.476825,0.88985,0.5028083333333333,0.80485
NA,NA,NA,NA,0.2636833333333333,0.34851666666666664,NA,NA,NA,0.23764166666666667,NA,NA,NA,NA,NA,NA,NA,NA,NA,NA,NA,NA,NA,NA,NA,0.4202916666666667,0.5229833333333334,0.20014166666666666,0.08475,0.09754166666666667,0.93425,0.46435,0.8929083333333333,0.40339166666666665,0.797275
NA,NA,NA,NA,NA,NA,NA,NA,NA,0.26910833333333334,NA,NA,NA,NA,NA,NA,NA,NA,NA,NA,NA,NA,NA,NA,NA,0.40036666666666665,0.51825,0.19673333333333334,0.085,0.09118333333333334,0.9377,0.44014166666666665,0.895325,0.320025,0.7701583333333333
NA,NA,NA,NA,NA,NA,NA,NA,NA,0.32060833333333333,NA,NA,NA,NA,NA,NA,NA,NA,NA,NA,NA,NA,NA,NA,NA,0.38640833333333335,0.49351666666666666,0.19924166666666668,0.08589166666666667,0.089775,0.9537166666666667,0.46195833333333336,0.8969666666666667,0.2436,0.750725
NA,NA,NA,NA,NA,NA,NA,NA,NA,NA,NA,NA,NA,NA,NA,NA,NA,NA,NA,NA,NA,NA,NA,NA,NA,0.36685833333333334,0.46053333333333335,0.18659166666666666,0.0865,0.087,0.956875,0.5112583333333334,0.8954166666666666,0.18255833333333332,0.7346416666666666
NA,NA,NA,NA,NA,NA,NA,NA,NA,NA,NA,NA,NA,NA,NA,NA,NA,NA,NA,NA,NA,NA,NA,NA,NA,0.34753333333333336,0.44805833333333334,0.157075,0.0865,0.08420833333333333,0.9659916666666667,0.5501166666666667,0.8953083333333334,0.13625,0.7251166666666666
NA,NA,NA,NA,NA,NA,NA,NA,NA,NA,NA,NA,NA,NA,NA,NA,NA,NA,NA,NA,NA,NA,NA,NA,NA,0.3333833333333333,0.4376833333333333,0.13454166666666667,0.08540833333333334,0.080225,0.9758666666666667,0.5967916666666667,0.8869,0.111675,0.7266416666666666
NA,NA,NA,NA,NA,NA,NA,NA,NA,NA,NA,NA,NA,NA,NA,NA,NA,NA,NA,NA,NA,NA,NA,NA,NA,0.3213666666666667,0.4271916666666667,0.11589166666666667,0.08525,0.076325,0.97775,0.6391416666666667,0.8813333333333333,0.08659166666666666,0.698875
NA,NA,NA,NA,NA,NA,NA,NA,NA,NA,NA,NA,NA,NA,NA,NA,NA,NA,NA,NA,NA,NA,NA,NA,NA,0.30885,0.4073833333333333,0.09701666666666667,0.08456666666666666,0.07245833333333333,0.9752833333333333,0.654775,0.8693333333333333,0.064775,0.6826166666666666
NA,NA,NA,NA,NA,NA,NA,NA,NA,NA,NA,NA,NA,NA,NA,NA,NA,NA,NA,NA,NA,NA,NA,NA,NA,0.29745,0.38333333333333336,0.09753333333333333,0.08268333333333333,0.0682,0.9466916666666667,0.6043083333333333,0.8606666666666667,0.061425,0.642675
NA,NA,NA,NA,NA,NA,NA,NA,NA,NA,NA,NA,NA,NA,NA,NA,NA,NA,NA,NA,NA,NA,NA,NA,NA,0.28645,0.38769166666666666,0.0969,0.0781,0.062108333333333335,0.9037,0.6083,0.8526083333333333,0.0594,0.5982333333333333
NA,NA,NA,NA,NA,NA,NA,NA,NA,NA,NA,NA,NA,NA,NA,NA,NA,NA,NA,NA,NA,NA,NA,NA,NA,0.2763833333333333,0.39134166666666664,0.095075,0.07476666666666666,0.055341666666666664,0.8429416666666667,0.6173083333333333,0.8434166666666667,0.06621666666666666,0.5289
NA,NA,NA,NA,NA,NA,NA,NA,NA,NA,NA,NA,NA,NA,NA,NA,NA,NA,NA,NA,NA,NA,NA,NA,NA,0.26786666666666664,0.38893333333333335,0.08624166666666666,0.0722,0.050225,0.7800916666666666,0.6042333333333333,0.837725,0.07073333333333333,0.5266416666666667
NA,NA,NA,NA,NA,NA,NA,NA,NA,NA,NA,NA,NA,NA,NA,NA,NA,NA,NA,NA,NA,NA,NA,NA,NA,0.25785833333333336,0.37804166666666666,0.0672,0.0701,0.04635,0.7219666666666666,0.6091083333333334,0.8281916666666667,0.07328333333333334,0.5197083333333333
NA,NA,NA,NA,NA,NA,NA,NA,NA,NA,NA,NA,NA,NA,NA,NA,NA,NA,NA,NA,NA,NA,NA,NA,NA,0.24754166666666666,0.36673333333333336,0.05085833333333333,0.06984166666666666,0.04265833333333333,0.67565,0.615825,0.8188333333333333,0.07680833333333334,0.47636666666666666
NA,NA,NA,NA,NA,NA,NA,NA,NA,NA,NA,NA,NA,NA,NA,NA,NA,NA,NA,NA,NA,NA,NA,NA,NA,0.23615833333333333,0.346525,0.04178333333333333,0.072575,0.039316666666666666,0.620275,0.6255166666666667,0.8096916666666667,0.08271666666666666,0.41339166666666666
NA,NA,NA,NA,NA,NA,NA,NA,NA,NA,NA,NA,NA,NA,NA,NA,NA,NA,NA,NA,NA,NA,NA,NA,NA,0.22648333333333334,0.34485,0.03556666666666667,0.056633333333333334,0.03645,0.5454,0.667125,0.8032333333333334,0.0911,0.35681666666666667
NA,NA,NA,NA,NA,NA,NA,NA,NA,NA,NA,NA,NA,NA,NA,NA,NA,NA,NA,NA,NA,NA,NA,NA,NA,0.21603333333333333,0.3406,0.033125,0.0604,0.027675,0.4780083333333333,0.686575,0.8097083333333334,0.09863333333333334,0.3390166666666667
NA,NA,NA,NA,NA,NA,NA,NA,NA,NA,NA,NA,NA,NA,NA,NA,NA,NA,NA,NA,NA,NA,NA,NA,NA,0.20906666666666668,0.33736666666666665,0.030783333333333333,0.06815833333333333,0.029575,0.5009166666666667,0.7003833333333334,0.8008583333333333,0.10525833333333333,0.3523
NA,NA,NA,NA,NA,NA,NA,NA,NA,NA,NA,NA,NA,NA,NA,NA,NA,NA,NA,NA,NA,NA,NA,NA,NA,0.20705833333333334,0.377525,0.029233333333333333,0.07714166666666666,0.032933333333333335,0.49803333333333333,0.682825,0.7922666666666667,0.11343333333333333,0.4222666666666667
NA,NA,NA,NA,NA,NA,NA,NA,NA,NA,NA,NA,NA,NA,NA,NA,NA,NA,NA,NA,NA,NA,NA,NA,NA,0.22455,0.432775,0.031016666666666668,0.08423333333333333,0.0304,0.477725,0.657625,0.78055,0.12116666666666667,0.46965
NA,NA,NA,NA,NA,NA,NA,NA,NA,NA,NA,NA,NA,NA,NA,NA,NA,NA,NA,NA,NA,NA,NA,NA,NA,0.27958333333333335,0.4984,0.034133333333333335,0.09279166666666666,0.027316666666666666,0.396,0.6019416666666667,0.7671083333333333,0.1294,0.5282416666666667
NA,NA,NA,NA,NA,NA,NA,NA,NA,NA,NA,NA,NA,NA,NA,NA,NA,NA,NA,NA,NA,NA,NA,NA,NA,0.27979166666666666,0.5346916666666667,0.036116666666666665,0.099875,0.029091666666666665,0.2784,0.5648083333333334,0.7659416666666666,0.1371,0.55955
NA,NA,NA,NA,NA,NA,NA,NA,NA,NA,NA,NA,NA,NA,NA,NA,NA,NA,NA,NA,NA,NA,NA,NA,NA,0.28003333333333336,0.5564583333333334,0.04114166666666667,0.105975,0.034708333333333334,0.17905833333333335,0.5314666666666666,0.7558083333333333,0.14335,0.6334666666666666
NA,NA,NA,NA,NA,NA,NA,NA,NA,NA,NA,NA,NA,NA,NA,NA,NA,NA,NA,NA,NA,NA,NA,NA,NA,0.2804333333333333,0.5806916666666667,0.04845,0.11183333333333334,0.048216666666666665,0.10249166666666666,0.49025,0.7527416666666666,0.15039166666666667,0.7176166666666667
NA,NA,NA,NA,NA,NA,NA,NA,NA,NA,NA,NA,NA,NA,NA,NA,NA,NA,NA,NA,NA,NA,NA,NA,NA,0.282925,0.5992333333333333,0.05425,0.11761666666666666,0.06285833333333334,0.04330833333333333,0.45993333333333336,0.7410416666666667,NA,0.775125
NA,NA,NA,NA,NA,NA,NA,NA,NA,NA,NA,NA,NA,NA,NA,NA,NA,NA,NA,NA,NA,NA,NA,NA,NA,0.28458333333333335,0.58615,0.058425,0.12195833333333334,0.08406666666666666,0.015941666666666666,0.4670416666666667,0.7251666666666666,NA,0.7949083333333333
NA,NA,NA,NA,NA,NA,NA,NA,NA,NA,NA,NA,NA,NA,NA,NA,NA,NA,NA,NA,NA,NA,NA,NA,NA,0.283475,0.6111583333333334,0.06585,0.12576666666666667,0.09515833333333333,0.012083333333333333,0.4705166666666667,0.7104583333333333,NA,0.8097
NA,NA,NA,NA,NA,NA,NA,NA,NA,NA,NA,NA,NA,NA,NA,NA,NA,NA,NA,NA,NA,NA,NA,NA,NA,0.281875,0.624525,0.07211666666666666,0.1301,0.11026666666666667,0.00785,0.4731416666666667,0.6923416666666666,NA,0.8242583333333333
NA,NA,NA,NA,NA,NA,NA,NA,NA,NA,NA,NA,NA,NA,NA,NA,NA,NA,NA,NA,NA,NA,NA,NA,NA,0.279325,0.6438,0.07879166666666666,NA,0.14049166666666665,0.005216666666666666,0.47494166666666665,0.678475,NA,0.8384833333333334
NA,NA,NA,NA,NA,NA,NA,NA,NA,NA,NA,NA,NA,NA,NA,NA,NA,NA,NA,NA,NA,NA,NA,NA,NA,0.2754333333333333,0.6583416666666667,0.08449166666666667,NA,0.16453333333333334,0.003691666666666667,0.47906666666666664,0.6745083333333334,NA,0.8560333333333333
NA,NA,NA,NA,NA,NA,NA,NA,NA,NA,NA,NA,NA,NA,NA,NA,NA,NA,NA,NA,NA,NA,NA,NA,NA,0.27215,0.6795333333333333,0.09125,NA,0.187325,0.006441666666666667,0.481475,0.6794166666666667,NA,0.8832
NA,NA,NA,NA,NA,NA,NA,NA,NA,NA,NA,NA,NA,NA,NA,NA,NA,NA,NA,NA,NA,NA,NA,NA,NA,0.26861666666666667,0.6624666666666666,0.09771666666666666,NA,0.2057,0.011275,0.484625,0.6764416666666667,NA,0.8909916666666666
NA,NA,NA,NA,NA,NA,NA,NA,NA,NA,NA,NA,NA,NA,NA,NA,NA,NA,NA,NA,NA,NA,NA,NA,NA,0.2740666666666667,0.6551666666666667,0.10435,NA,0.22155833333333333,0.0171,0.4837,0.6731916666666666,NA,0.87035
NA,NA,NA,NA,NA,NA,NA,NA,NA,NA,NA,NA,NA,NA,NA,NA,NA,NA,NA,NA,NA,NA,NA,NA,NA,0.27875833333333333,0.6501083333333333,0.11951666666666666,NA,0.23675833333333332,0.025475,0.485,0.6670166666666667,NA,0.8562916666666667
NA,NA,NA,NA,NA,NA,NA,NA,NA,NA,NA,NA,NA,NA,NA,NA,NA,NA,NA,NA,NA,NA,NA,NA,NA,NA,0.6486833333333333,NA,NA,0.24871666666666667,0.03378333333333333,0.48459166666666664,0.6650083333333333,NA,0.8441166666666666
NA,NA,NA,NA,NA,NA,NA,NA,NA,NA,NA,NA,NA,NA,NA,NA,NA,NA,NA,NA,NA,NA,NA,NA,NA,NA,0.64845,NA,NA,0.25661666666666666,0.045975,0.48575,0.6616,NA,0.8327166666666667
NA,NA,NA,NA,NA,NA,NA,NA,NA,NA,NA,NA,NA,NA,NA,NA,NA,NA,NA,NA,NA,NA,NA,NA,NA,NA,0.621475,NA,NA,0.2617083333333333,0.05830833333333333,NA,0.6613,NA,0.8201083333333333
NA,NA,NA,NA,NA,NA,NA,NA,NA,NA,NA,NA,NA,NA,NA,NA,NA,NA,NA,NA,NA,NA,NA,NA,NA,NA,0.6147083333333333,NA,NA,0.267575,0.07286666666666666,NA,0.65225,NA,NA
NA,NA,NA,NA,NA,NA,NA,NA,NA,NA,NA,NA,NA,NA,NA,NA,NA,NA,NA,NA,NA,NA,NA,NA,NA,NA,0.6204833333333334,NA,NA,0.2724083333333333,0.08608333333333333,NA,0.6476333333333333,NA,NA
NA,NA,NA,NA,NA,NA,NA,NA,NA,NA,NA,NA,NA,NA,NA,NA,NA,NA,NA,NA,NA,NA,NA,NA,NA,NA,0.6616166666666666,NA,NA,0.2747833333333333,0.09944166666666666,NA,0.645675,NA,NA
NA,NA,NA,NA,NA,NA,NA,NA,NA,NA,NA,NA,NA,NA,NA,NA,NA,NA,NA,NA,NA,NA,NA,NA,NA,NA,0.7161166666666666,NA,NA,0.27746666666666664,0.11144166666666666,NA,NA,NA,NA
NA,NA,NA,NA,NA,NA,NA,NA,NA,NA,NA,NA,NA,NA,NA,NA,NA,NA,NA,NA,NA,NA,NA,NA,NA,NA,0.757,NA,NA,0.28339166666666665,0.12960833333333333,NA,NA,NA,NA
NA,NA,NA,NA,NA,NA,NA,NA,NA,NA,NA,NA,NA,NA,NA,NA,NA,NA,NA,NA,NA,NA,NA,NA,NA,NA,0.8278083333333334,NA,NA,NA,0.14171666666666666,NA,NA,NA,NA
NA,NA,NA,NA,NA,NA,NA,NA,NA,NA,NA,NA,NA,NA,NA,NA,NA,NA,NA,NA,NA,NA,NA,NA,NA,NA,0.8435833333333334,NA,NA,NA,0.15246666666666667,NA,NA,NA,NA
NA,NA,NA,NA,NA,NA,NA,NA,NA,NA,NA,NA,NA,NA,NA,NA,NA,NA,NA,NA,NA,NA,NA,NA,NA,NA,0.8034916666666667,NA,NA,NA,0.161825,NA,NA,NA,NA
NA,NA,NA,NA,NA,NA,NA,NA,NA,NA,NA,NA,NA,NA,NA,NA,NA,NA,NA,NA,NA,NA,NA,NA,NA,NA,0.7443833333333333,NA,NA,NA,0.17113333333333333,NA,NA,NA,NA
NA,NA,NA,NA,NA,NA,NA,NA,NA,NA,NA,NA,NA,NA,NA,NA,NA,NA,NA,NA,NA,NA,NA,NA,NA,NA,0.700875,NA,NA,NA,NA,NA,NA,NA,NA
NA,NA,NA,NA,NA,NA,NA,NA,NA,NA,NA,NA,NA,NA,NA,NA,NA,NA,NA,NA,NA,NA,NA,NA,NA,NA,0.6874083333333333,NA,NA,NA,NA,NA,NA,NA,NA
NA,NA,NA,NA,NA,NA,NA,NA,NA,NA,NA,NA,NA,NA,NA,NA,NA,NA,NA,NA,NA,NA,NA,NA,NA,NA,0.6810416666666667,NA,NA,NA,NA,NA,NA,NA,NA
NA,NA,NA,NA,NA,NA,NA,NA,NA,NA,NA,NA,NA,NA,NA,NA,NA,NA,NA,NA,NA,NA,NA,NA,NA,NA,0.673125,NA,NA,NA,NA,NA,NA,NA,NA
NA,NA,NA,NA,NA,NA,NA,NA,NA,NA,NA,NA,NA,NA,NA,NA,NA,NA,NA,NA,NA,NA,NA,NA,NA,NA,0.6705916666666667,NA,NA,NA,NA,NA,NA,NA,NA
NA,NA,NA,NA,NA,NA,NA,NA,NA,NA,NA,NA,NA,NA,NA,NA,NA,NA,NA,NA,NA,NA,NA,NA,NA,NA,0.6679916666666667,NA,NA,NA,NA,NA,NA,NA,NA
NA,NA,NA,NA,NA,NA,NA,NA,NA,NA,NA,NA,NA,NA,NA,NA,NA,NA,NA,NA,NA,NA,NA,NA,NA,NA,0.6649666666666667,NA,NA,NA,NA,NA,NA,NA,NA
NA,NA,NA,NA,NA,NA,NA,NA,NA,NA,NA,NA,NA,NA,NA,NA,NA,NA,NA,NA,NA,NA,NA,NA,NA,NA,0.6689333333333334,NA,NA,NA,NA,NA,NA,NA,NA
